<?xml version="1.0" encoding="UTF-8"?>
<beans xmlns="http://www.springframework.org/schema/beans"
	xmlns:xsi="http://www.w3.org/2001/XMLSchema-instance"


	xmlns:context="http://www.springframework.org/schema/context"
	xmlns:p="http://www.springframework.org/schema/p"
	xmlns:util="http://www.springframework.org/schema/util"
	xsi:schemaLocation="http://www.springframework.org/schema/beans
		https://www.springframework.org/schema/beans/spring-beans.xsd
		http://www.springframework.org/schema/context
		https://www.springframework.org/schema/context/spring-context.xsd
		http://www.springframework.org/schema/util
		https://www.springframework.org/schema/util/spring-util.xsd">

	<context:annotation-config />

	<!-- standalone list -->

	<util:list list-class="java.util.linkedList"
		id="mybestfriends">
		<value>aman</value>
		<value>ramn</value>
		<value>ankit</value>
		<value>rohit</value>
	</util:list>

	<bean class="com.springcore.standalone.collection.Person"
		name="Person1">
		<property name="friends" ref="mybestfriends"/> 
		
		

	</bean>


</beans>