<?xml version="1.0" encoding="UTF-8"?>

<beans xmlns="http://www.springframework.org/schema/beans"

xmlns:xsi="http://www.w3.org/2001/XMLSchema-instance" xmlns:context="

http://www.springframework.org/schema/context"

xmlns:p="http://www.springframework.org/schema/p"

xsi:schemaLocation="http://www.springframework.org/schema/beans

http://www.springframework.org/schema/beans/spring-beans.xsd

http://www.springframework.org/schema/context

http://www.springframework.org/schema/context/spring-context.xsd">

<bean class="com.springcore.Ci.Cirti" name =" refC">

<constructor-arg value="androd using java"/>
</bean>

<bean class =" com.springcore.Ci.Persion" name ="P1">

<constructor-arg value ="Nikhil"/>
<constructor-arg value ="101"/>
<constructor-arg ref ="refC"/>
</bean>



</beans>