<?xml version="1.0" encoding="UTF-8"?>
<beans xmlns="http://www.springframework.org/schema/beans"
	xmlns:xsi="http://www.w3.org/2001/XMLSchema-instance"
	xmlns:context="http://www.springframework.org/schema/context"
	xsi:schemaLocation="http://www.springframework.org/schema/beans
		https://www.springframework.org/schema/beans/spring-beans.xsd
		http://www.springframework.org/schema/context
		https://www.springframework.org/schema/context/spring-context.xsd">

	<context:annotation-config/>

	<bean class="springcore.auto.wire.Address" name="address 1">
		<property name="street" value="temp Street" />
		<property name="city" value="dehli" />
	</bean>
	
	<bean class="springcore.auto.wire.Address" name="address 2">
		<property name="street" value="Second Street" />
		<property name="city" value="goa" />
	</bean>

	<bean class="springcore.auto.wire.Employee" name="emp1" />



</beans>