<?xml version="1.0" encoding="UTF-8"?>
<beans xmlns="http://www.springframework.org/schema/beans"
xmlns:xsi="http://www.w3.org/2001/XMLSchema-instance" xmlns:context="
http://www.springframework.org/schema/context"
xmlns:p="http://www.springframework.org/schema/p"
xsi:schemaLocation="http://www.springframework.org/schema/beans
http://www.springframework.org/schema/beans/spring-beans.xsd
http://www.springframework.org/schema/context
http://www.springframework.org/schema/context/spring-context.xsd">



<bean class = "com.springcore.collection.Emp" name ="EMP1">
<property name="name" value ="Nikhil"/>
<property name ="phone">
    <list>
        <value>8876543</value>
        <value>4567881</value>
         <value>67549987</value>
         <null/>
     </list>

</property>
<property name="addresses"> 
  <set> 
      <value>pune</value>
      <value>Bhopal</value>
      <value>dehli</value>
  </set>

</property>
<property name="courrses">
   <map>
     <entry key="java"  value ="2 month"/>
     <entry key ="python" value="3 month"/>
     <entry key ="C" value ="4 month"/>
   
   </map>

</property>

</bean>

</beans>